Estudios,Universidad,Campus
Grado en Bellas Artes,UCM,Campus de Ciudad Universitaria
Grado en Filosofía,UCM,Campus de Ciudad Universitaria
Grado en Logopedia,UCM,Campus de Somosaguas
Grado en Psicología,UCM,Campus de Somosaguas
Grado en Arquitectura,UPM,Campus Ciudad Universitaria
Grado en Ingeniería Aeroespacial,UPM,Campus Ciudad Universitaria
Grado en Ingeniería Informática,UPM,Campus Montegancedo
Grado en Ciencia de Datos e Inteligencia Artificial,UPM,Campus Montegancedo
Grado en Ingeniería del Software,UPM,Campus Sur
Grado en Ingeniería Geomática,UPM,Campus Sur
Grado en Criminología,URJC,Campus de Alcorcón
Grado en Bellas Artes,URJC,Campus de Aranjuez
Grado en Ciencia e Ingeniería de Datos,URJC,Campus de Fuenlabrada
Grado en Ingeniería Informática,URJC,Campus de Móstoles
Grado en Derecho,URJC,Campus de Vicálvaro
Grado en Ciencia e Ingeniería de Datos,UC3M,Campus de Leganés
Grado en Ingeniería Biomédica,UC3M,Campus de Leganés
Grado en Economía,UC3M,Campus de Getafe
Grado en Ciencias Políticas,UC3M,Campus de Getafe
Grado en Ingeniería Informática,UC3M,Campus de Colmenarejo
Máster en Tributación,UC3M,Campus de Puerta de Toledo
